demand_id,Code,Tag
1,Minority Faculty Staff and Leadership Recruitment,#ID1
2,Minority Faculty Retention,#ID2
3,Financial Aid and Financing,#ID3
3,Minority Faculty Retention,#ID3
4,Spaces and Places,#ID4
5,Community Labor or Partnership,#ID5
5,Data Collection and Transparency,#ID5
6,Minority Faculty Staff and Leadership Recruitment,#ID6
6,Minority Faculty Retention,#ID6
7,School Climate,#ID7
8,Financial Aid and Financing,#ID8
8,Minority Faculty Retention,#ID8
9,Spaces and Places,#ID9
10,Minority Faculty Retention,#ID10
10,Minority Faculty Staff and Leadership Recruitment,#ID10
11,Adding Courses,#ID11
11,Financial Aid and Financing,#ID11
11,Minority Faculty Retention,#ID11
12,Minority Faculty / Staff Recruitment,#ID12
12,Data Collection and Transparency,#ID12
13,Minority Faculty Staff and Leadership Recruitment,#ID13
14,Diversity in Student Leadership,#ID14
14,School Climate,#ID14
15,School Climate,#ID15
16,Community Labor or Partnership,#ID16
16,Minority Faculty Staff and Leadership Recruitment,#ID16
17,Data Collection and Transparency,#ID17
17,Adding Courses,#ID17
18,School Climate,#ID18
18,Spaces and Places,#ID18
19,Minority Faculty / Staff Recruitment,#ID19
19,Data Collection and Transparency,#ID19
20,Financial Aid and Financing,#ID20
20,Minority Faculty Retention,#ID20
21,Diversity in Student Leadership,#ID21
22,Data Collection and Transparency,#ID22
22,Minority Faculty Retention,#ID22
22,School Climate,#ID22
23,Financial Aid and Financing,#ID23
23,Minority Faculty Retention,#ID23
24,School Climate,#ID24
25,Minority Faculty Staff and Leadership Recruitment,#ID25
26,School Climate,#ID26
26,Spaces and Places,#ID26
27,Minority Faculty / Staff Recruitment,#ID27
28,School Climate,#ID28
29,Spaces and Places,#ID29
29,School Climate,#ID29
30,Data Collection and Transparency,#ID30
30,Minority Faculty Retention,#ID30
31,Minority Faculty Retention,#ID31
32,School Climate,#ID32
33,Minority Faculty Retention,#ID33
33,Data Collection and Transparency,#ID33
34,Financial Aid and Financing,#ID34
34,School Climate,#ID34
35,Minority Faculty Staff and Leadership Recruitment,#ID35
36,Minority Faculty Retention,#ID36
36,Spaces and Places,#ID36
37,Minority Faculty Retention,#ID37
38,Spaces and Places,#ID38
39,School Climate,#ID39
40,Adding Courses,#ID40
41,Data Collection and Transparency,#ID41
41,Minority Student Recruitment,#ID41
42,Spaces and Places,#ID42
43,Data Collection and Transparency,#ID43
43,Minority Faculty Retention,#ID43
43,School Climate,#ID43
44,School Climate,#ID44
45,Spaces and Places,#ID45
46,School Climate,#ID46
47,Spaces and Places,#ID47
47,School Climate,#ID47
48,Minority Faculty Retention,#ID48
48,Data Collection and Transparency,#ID48
49,School Climate,#ID49
50,School Climate,#ID50
51,School Climate,#ID51
52,Abolition/ Defunding,#ID52
53,Minority Faculty Retention,#ID53
53,Minority Student Recruitment,#ID53
54,Minority Faculty Staff and Leadership Recruitment,#ID54
55,Current Iniatives and Working Groups,#ID55
56,Minority Faculty Staff and Leadership Recruitment,#ID56
56,Minority Faculty Retention,#ID56
57,Minority Faculty Staff and Leadership Recruitment,#ID57
58,Data Collection and Transparency,#ID58
59,Minority Faculty Staff and Leadership Recruitment,#ID59
60,Minority Faculty Staff and Leadership Recruitment,#ID60
61,School Climate,#ID61
62,Minority Student Recruitment,#ID62
62,School Climate,#ID62
63,School Climate,#ID63
64,Community Labor or Partnership,#ID64
65,School Climate,#ID65
65,Adding Courses,#ID65
66,School Climate,#ID66
66,Adding Courses,#ID66
67,Minority Student Recruitment,#ID67
67,Financial Aid and Financing,#ID67
68,Financial Aid and Financing,#ID68
68,Minority Student Recruitment,#ID68
68,Current Iniatives and Working Groups,#ID68
69,Current Iniatives and Working Groups,#ID69
69,School Climate,#ID69
70,Financial Aid and Financing,#ID70
71,Data Collection and Transparency,#ID71
71,Research or Coursework,#ID71
71,School Climate,#ID71
72,Diversity in Student Leadership,#ID72
73,Minority Student Recruitment,#ID73
74,School Climate,#ID74
74,Adding Courses,#ID74
75,Inclusive Anti Racist Curriculum Programs,#ID75
75,Financial Aid and Financing,#ID75
76,School Climate,#ID76
77,Current Iniatives and Working Groups,#ID77
77,School Climate,#ID77
78,Adding Courses,#ID78
79,School Climate,#ID79
79,Minority Faculty Staff and Leadership Recruitment,#ID79
80,Diversity in Student Leadership,#ID80
80,Data Collection and Transparency,#ID80
81,Current Iniatives and Working Groups,#ID81
82,Minority Faculty Retention,#ID82
83,School Climate,#ID83
83,Minority Student Recruitment,#ID83
84,Minority Student Recruitment,#ID84
84,Financial Aid and Financing,#ID84
84,Current Iniatives and Working Groups,#ID84
85,School Climate,#ID85
85,Data Collection and Transparency,#ID85
86,Current Iniatives and Working Groups,#ID86
87,School Climate,#ID87
88,Minority Student Recruitment,#ID88
89,School Climate,#ID89
90,Data Collection and Transparency,#ID90
91,Minority Student Recruitment,#ID91
92,Minority Student Recruitment,#ID92
92,Financial Aid and Financing,#ID92
93,School Climate,#ID93
94,School Climate,#ID94
95,Current Iniatives and Working Groups,#ID95
95,Diversity in Student Leadership,#ID95
95,School Climate,#ID95
96,Research or Coursework,#ID96
96,School Climate,#ID96
97,Inclusive Anti Racist Curriculum Programs,#ID97
97,Current Iniatives and Working Groups,#ID97
98,School Climate,#ID98
99,Minority Faculty Staff and Leadership Recruitment,#ID99
100,Data Collection and Transparency,#ID100
100,Minority Faculty Staff and Leadership Recruitment,#ID100
101,Minority Faculty Staff and Leadership Recruitment,#ID101
102,Minority Student Recruitment,#ID102
102,Adding Courses,#ID102
102,School Climate,#ID102
103,Minority Faculty Staff and Leadership Recruitment,#ID103
104,Current Iniatives and Working Groups,#ID104
104,School Climate,#ID104
105,School Climate,#ID105
106,Minority Student Recruitment,#ID106
107,Minority Faculty Staff and Leadership Recruitment,#ID107
107,Minority Student Recruitment,#ID107
108,Financial Aid and Financing,#ID108
109,Financial Aid and Financing,#ID109
109,Current Iniatives and Working Groups,#ID109
110,Diversity in Student Leadership,#ID110
111,Diversity in Student Leadership,#ID111
111,School Climate,#ID111
112,Financial Aid and Financing,#ID112
112,Minority Student Recruitment,#ID112
113,Minority Faculty Staff and Leadership Recruitment,#ID113
114,Current Iniatives and Working Groups,#ID114
115,School Climate,#ID115
116,Financial Aid and Financing,#ID116
116,School Climate,#ID116
117,School Climate,#ID117
118,Inclusive Anti Racist Curriculum Programs,#ID118
119,Inclusive Anti Racist Curriculum Programs,#ID119
120,Community Labor or Partnership,#ID120
121,Spaces and Places,#ID121
122,Financial Aid and Financing,#ID122
122,Minority Student Recruitment,#ID122
123,Minority Student Recruitment,#ID123
124,Diversity in Student Leadership,#ID124
125,Community Labor or Partnership,#ID125
126,Inclusive Anti Racist Curriculum Programs,#ID126
127,Diversity in Student Leadership,#ID127
128,Minority Faculty Retention,#ID128
128,Research or Coursework,#ID128
129,Adding Courses,#ID129
130,Current Iniatives and Working Groups,#ID130
130,Spaces and Places,#ID130
131,Inclusive Anti Racist Curriculum Programs,#ID131
132,Adding Courses,#ID132
133,Minority Faculty / Staff Recruitment,#ID133
133,Minority Faculty Retention,#ID133
133,Minority Faculty Staff and Leadership Recruitment,#ID133
134,School Climate,#ID134
135,Current Iniatives and Working Groups,#ID135
136,Living Wage,#ID136
137,Spaces and Places,#ID137
138,Adding Courses,#ID138
139,Minority Student Recruitment,#ID139
140,Minority Student Recruitment,#ID140
140,Financial Aid and Financing,#ID140
141,Current Iniatives and Working Groups,#ID141
142,Minority Faculty Staff and Leadership Recruitment,#ID142
143,School Climate,#ID143
143,Minority Student Recruitment,#ID143
144,School Climate,#ID144
144,Diversity in Student Leadership,#ID144
145,School Climate,#ID145
146,School Climate,#ID146
147,Minority Faculty Staff and Leadership Recruitment,#ID147
148,Current Iniatives and Working Groups,#ID148
148,Inclusive Anti Racist Curriculum Programs,#ID148
149,Inclusive Anti Racist Curriculum Programs,#ID149
150,Living Wage,#ID150
150,Community Labor or Partnership,#ID150
151,School Climate,#ID151
152,Inclusive Anti Racist Curriculum Programs,#ID152
152,Adding Courses,#ID152
153,Current Iniatives and Working Groups,#ID153
154,Minority Student Recruitment,#ID154
155,Current Iniatives and Working Groups,#ID155
156,Current Iniatives and Working Groups,#ID156
157,Minority Faculty Staff and Leadership Recruitment,#ID157
158,School Climate,#ID158
159,School Climate,#ID159
160,Current Iniatives and Working Groups,#ID160
161,Current Iniatives and Working Groups,#ID161
162,Current Iniatives and Working Groups,#ID162
163,Diversity in Student Leadership,#ID163
163,Current Iniatives and Working Groups,#ID163
164,Minority Faculty Retention,#ID164
164,Data Collection and Transparency,#ID164
165,School Climate,#ID165
165,Current Iniatives and Working Groups,#ID165
166,Inclusive Anti Racist Curriculum Programs,#ID166
167,Current Iniatives and Working Groups,#ID167
168,Minority Faculty Staff and Leadership Recruitment,#ID168
169,Inclusive Anti Racist Curriculum Programs,#ID169
169,School Climate,#ID169
170,Minority Faculty Staff and Leadership Recruitment,#ID170
171,Research or Coursework,#ID171
172,Data Collection and Transparency,#ID172
173,Abolition/ Defunding,#ID173
174,Minority Student Recruitment,#ID174
175,Current Iniatives and Working Groups,#ID175
175,Financial Aid and Financing,#ID175
176,Minority Faculty Staff and Leadership Recruitment,#ID176
176,School Climate,#ID176
177,Current Iniatives and Working Groups,#ID177
178,Data Collection and Transparency,#ID178
179,Current Iniatives and Working Groups,#ID179
179,School Climate,#ID179
180,Living Wage,#ID180
181,Financial Aid and Financing,#ID181
181,Current Iniatives and Working Groups,#ID181
182,Minority Student Recruitment,#ID182
183,Current Iniatives and Working Groups,#ID183
184,Adding Courses,#ID184
185,Inclusive Anti Racist Curriculum Programs,#ID185
186,Spaces and Places,#ID186
187,Abolition/ Defunding,#ID187
188,Inclusive Anti Racist Curriculum Programs,#ID188
189,Abolition/ Defunding,#ID189
190,Inclusive Anti Racist Curriculum Programs,#ID190
191,Spaces and Places,#ID191
192,Diversity in Student Leadership,#ID192
193,Minority Student Recruitment,#ID193
194,Minority Faculty Staff and Leadership Recruitment,#ID194
195,School Climate,#ID195
196,Living Wage,#ID196
197,Minority Student Recruitment,#ID197
198,Spaces and Places,#ID198
199,Reparations,#ID199
200,School Climate,#ID200
201,Minority Student Recruitment,#ID201
202,Living Wage,#ID202
203,Minority Faculty Staff and Leadership Recruitment,#ID203
204,Minority Faculty Staff and Leadership Recruitment,#ID204
205,Abolition/ Defunding,#ID205
206,Spaces and Places,#ID206
207,Inclusive Anti Racist Curriculum Programs,#ID207
208,Inclusive Anti Racist Curriculum Programs,#ID208
209,Research or Coursework,#ID209
210,Research or Coursework,#ID210
210,Adding Courses,#ID210
211,Spaces and Places,#ID211
212,School Climate,#ID212
213,Data Collection and Transparency,#ID213
214,Diversity in Student Leadership,#ID214
214,Minority Student Recruitment,#ID214
215,Adding Courses,#ID215
216,Minority Faculty Staff and Leadership Recruitment,#ID216
217,Adding Courses,#ID217
218,Minority Faculty Staff and Leadership Recruitment,#ID218
219,School Climate,#ID219
219,Current Iniatives and Working Groups,#ID219
220,Financial Aid and Financing,#ID220
220,Minority Student Recruitment,#ID220
220,School Climate,#ID220
221,School Climate,#ID221
222,Inclusive Anti Racist Curriculum Programs,#ID222
223,Financial Aid and Financing,#ID223
223,Current Iniatives and Working Groups,#ID223
224,Financial Aid and Financing,#ID224
225,Financial Aid and Financing,#ID225
226,Financial Aid and Financing,#ID226
227,Financial Aid and Financing,#ID227
227,School Climate,#ID227
228,Diversity in Student Leadership,#ID228
229,Current Iniatives and Working Groups,#ID229
229,Diversity in Student Leadership,#ID229
230,Spaces and Places,#ID230
231,Research or Coursework,#ID231
232,Inclusive Anti Racist Curriculum Programs,#ID232
233,Community Labor or Partnership,#ID233
234,Community Labor or Partnership,#ID234
235,Minority Student Recruitment,#ID235
236,Spaces and Places,#ID236
237,Minority Faculty Staff and Leadership Recruitment,#ID237
238,Diversity in Student Leadership,#ID238
239,Abolition/ Defunding,#ID239
240,Inclusive Anti Racist Curriculum Programs,#ID240
241,Inclusive Anti Racist Curriculum Programs,#ID241
241,School Climate,#ID241
242,Research or Coursework,#ID242
243,School Climate,#ID243
244,Spaces and Places,#ID244
245,Minority Student Recruitment,#ID245
245,Financial Aid and Financing,#ID245
246,Financial Aid and Financing,#ID246
246,Community Labor or Partnership,#ID246
247,Financial Aid and Financing,#ID247
247,Inclusive Anti Racist Curriculum Programs,#ID247
248,Community Labor or Partnership,#ID248
248,Minority Student Recruitment,#ID248
249,Adding Courses,#ID249
249,Inclusive Anti Racist Curriculum Programs,#ID249
250,Minority Student Recruitment,#ID250
250,Financial Aid and Financing,#ID250
251,Financial Aid and Financing,#ID251
251,Inclusive Anti Racist Curriculum Programs,#ID251
252,Financial Aid and Financing,#ID252
253,Reparations,#ID253
254,School Climate,#ID254
255,School Climate,#ID255
256,Financial Aid and Financing,#ID256
257,Minority Faculty Staff and Leadership Recruitment,#ID257
257,School Climate,#ID257
258,Data Collection and Transparency,#ID258
259,Minority Faculty / Staff Recruitment,#ID259
260,Data Collection and Transparency,#ID260
260,Minority Faculty / Staff Recruitment,#ID260
261,Data Collection and Transparency,#ID261
262,Minority Faculty Staff and Leadership Recruitment,#ID262
262,School Climate,#ID262
263,Minority Faculty / Staff Recruitment,#ID263
264,Research or Coursework,#ID264
265,Inclusive Anti Racist Curriculum Programs,#ID265
265,Financial Aid and Financing,#ID265
266,Financial Aid and Financing,#ID266
266,Current Iniatives and Working Groups,#ID266
266,Spaces and Places,#ID266
267,Minority Faculty Staff and Leadership Recruitment,#ID267
267,Current Iniatives and Working Groups,#ID267
268,Adding Courses,#ID268
269,Spaces and Places,#ID269
269,School Climate,#ID269
270,Minority Faculty Retention,#ID270
270,School Climate,#ID270
271,Inclusive Anti Racist Curriculum Programs,#ID271
272,Research or Coursework,#ID272
272,Spaces and Places,#ID272
273,Minority Student Recruitment,#ID273
273,School Climate,#ID273
273,Inclusive Anti Racist Curriculum Programs,#ID273
273,Minority Faculty Staff and Leadership Recruitment,#ID273
273,Minority Faculty Retention,#ID273
274,School Climate,#ID274
275,Minority Student Recruitment,#ID275
276,Financial Aid and Financing,#ID276
276,Minority Faculty Retention,#ID276
277,Current Iniatives and Working Groups,#ID277
278,Data Collection and Transparency,#ID278
278,Minority Faculty Retention,#ID278
279,Living Wage,#ID279
279,Data Collection and Transparency,#ID279
280,Financial Aid and Financing,#ID280
280,Minority Faculty Retention,#ID280
281,Current Iniatives and Working Groups,#ID281
282,Minority Faculty Staff and Leadership Recruitment,#ID282
282,School Climate,#ID282
283,Minority Faculty Retention,#ID283
283,School Climate,#ID283
284,Current Iniatives and Working Groups,#ID284
285,Minority Student Recruitment,#ID285
286,Current Iniatives and Working Groups,#ID286
287,Minority Faculty Staff and Leadership Recruitment,#ID287
288,School Climate,#ID288
289,Data Collection and Transparency,#ID289
290,Spaces and Places,#ID290
291,Minority Student Recruitment,#ID291
292,Minority Faculty Retention,#ID292
292,Minority Faculty Staff and Leadership Recruitment,#ID292
293,Current Iniatives and Working Groups,#ID293
294,School Climate,#ID294
295,Minority Faculty Retention,#ID295
296,Minority Faculty Staff and Leadership Recruitment,#ID296
297,Current Iniatives and Working Groups,#ID297
298,Financial Aid and Financing,#ID298
298,Minority Student Recruitment,#ID298
299,Minority Faculty Staff and Leadership Recruitment,#ID299
300,Minority Student Recruitment,#ID300
300,Minority Faculty Staff and Leadership Recruitment,#ID300
301,Minority Student Recruitment,#ID301
302,Spaces and Places,#ID302
303,School Climate,#ID303
303,Minority Faculty Retention,#ID303
304,Minority Faculty Retention,#ID304
304,School Climate,#ID304
305,Spaces and Places,#ID305
306,Current Iniatives and Working Groups,#ID306
307,Inclusive Anti Racist Curriculum Programs,#ID307
308,School Climate,#ID308
309,Minority Faculty Staff and Leadership Recruitment,#ID309
309,Research or Coursework,#ID309
310,School Climate,#ID310
311,School Climate,#ID311
311,Minority Faculty Retention,#ID311
312,Minority Faculty Staff and Leadership Recruitment,#ID312
312,Minority Faculty Retention,#ID312
313,Minority Student Recruitment,#ID313
314,Current Iniatives and Working Groups,#ID314
315,Minority Student Recruitment,#ID315
315,Current Iniatives and Working Groups,#ID315
316,Financial Aid and Financing,#ID316
317,Current Iniatives and Working Groups,#ID317
317,Minority Faculty Staff and Leadership Recruitment,#ID317
318,School Climate,#ID318
319,Research or Coursework,#ID319
319,Spaces and Places,#ID319
320,School Climate,#ID320
320,Community Labor or Partnership,#ID320
321,Minority Student Recruitment,#ID321
322,School Climate,#ID322
323,School Climate,#ID323
324,Inclusive Anti Racist Curriculum Programs,#ID324
325,School Climate,#ID325
326,Current Iniatives and Working Groups,#ID326
326,Financial Aid and Financing,#ID326
327,Minority Student Recruitment,#ID327
328,Minority Student Recruitment,#ID328
329,Minority Faculty Staff and Leadership Recruitment,#ID329
329,Financial Aid and Financing,#ID329
330,School Climate,#ID330
331,Minority Faculty Staff and Leadership Recruitment,#ID331
332,School Climate,#ID332
333,School Climate,#ID333
334,Spaces and Places,#ID334
335,Minority Faculty Staff and Leadership Recruitment,#ID335
336,Current Iniatives and Working Groups,#ID336
336,Financial Aid and Financing,#ID336
336,Spaces and Places,#ID336
337,School Climate,#ID337
338,Minority Student Recruitment,#ID338
339,Minority Faculty Staff and Leadership Recruitment,#ID339
339,Minority Student Recruitment,#ID339
340,Data Collection and Transparency,#ID340
340,Minority Faculty Retention,#ID340
341,Living Wage,#ID341
342,School Climate,#ID342
343,School Climate,#ID343
344,Current Iniatives and Working Groups,#ID344
344,Financial Aid and Financing,#ID344
345,Spaces and Places,#ID345
346,Inclusive Anti Racist Curriculum Programs,#ID346
346,Adding Courses,#ID346
346,Financial Aid and Financing,#ID346
347,School Climate,#ID347
348,Inclusive Anti Racist Curriculum Programs,#ID348
348,Adding Courses,#ID348
349,Minority Faculty Staff and Leadership Recruitment,#ID349
350,Current Iniatives and Working Groups,#ID350
350,Financial Aid and Financing,#ID350
351,Minority Faculty Staff and Leadership Recruitment,#ID351
352,School Climate,#ID352
353,Inclusive Anti Racist Curriculum Programs,#ID353
354,Minority Faculty Retention,#ID354
354,School Climate,#ID354
355,Living Wage,#ID355
356,School Climate,#ID356
357,Minority Faculty Staff and Leadership Recruitment,#ID357
357,Minority Faculty Retention,#ID357
357,Data Collection and Transparency,#ID357
358,Financial Aid and Financing,#ID358
358,Minority Student Recruitment,#ID358
359,Minority Student Recruitment,#ID359
359,Minority Faculty Staff and Leadership Recruitment,#ID359
359,Spaces and Places,#ID359
359,Inclusive Anti Racist Curriculum Programs,#ID359
359,Financial Aid and Financing,#ID359
360,Current Iniatives and Working Groups,#ID360
360,Financial Aid and Financing,#ID360
361,School Climate,#ID361
362,Inclusive Anti Racist Curriculum Programs,#ID362
362,Research or Coursework,#ID362
363,Minority Faculty Staff and Leadership Recruitment,#ID363
364,Spaces and Places,#ID364
365,Current Iniatives and Working Groups,#ID365
365,School Climate,#ID365
366,Spaces and Places,#ID366
367,Inclusive Anti Racist Curriculum Programs,#ID367
367,Minority Student Recruitment,#ID367
368,Minority Faculty Retention,#ID368
369,Current Iniatives and Working Groups,#ID369
370,Financial Aid and Financing,#ID370
370,Minority Student Recruitment,#ID370
371,Current Iniatives and Working Groups,#ID371
371,Minority Student Recruitment,#ID371
372,School Climate,#ID372
373,Data Collection and Transparency,#ID373
373,Minority Faculty Staff and Leadership Recruitment,#ID373
374,Minority Faculty Retention,#ID374
374,Financial Aid and Financing,#ID374
375,Minority Faculty Staff and Leadership Recruitment,#ID375
376,Current Iniatives and Working Groups,#ID376
377,Minority Student Recruitment,#ID377
378,School Climate,#ID378
378,Financial Aid and Financing,#ID378
379,Data Collection and Transparency,#ID379
379,Minority Faculty Retention,#ID379
380,Inclusive Anti Racist Curriculum Programs,#ID380
381,Diversity in Student Leadership,#ID381
381,School Climate,#ID381
382,Current Iniatives and Working Groups,#ID382
383,Minority Faculty Retention,#ID383
383,Financial Aid and Financing,#ID383
384,School Climate,#ID384
385,Current Iniatives and Working Groups,#ID385
386,Minority Faculty Staff and Leadership Recruitment,#ID386
387,Minority Faculty Retention,#ID387
387,Minority Faculty Staff and Leadership Recruitment,#ID387
388,School Climate,#ID388
388,Minority Faculty Retention,#ID388
389,School Climate,#ID389
390,Minority Faculty Staff and Leadership Recruitment,#ID390
391,Adding Courses,#ID391
392,Minority Faculty Staff and Leadership Recruitment,#ID392
393,Spaces and Places,#ID393
394,School Climate,#ID394
395,Current Iniatives and Working Groups,#ID395
395,Diversity in Student Leadership,#ID395
396,Financial Aid and Financing,#ID396
396,Minority Faculty Retention,#ID396
397,Spaces and Places,#ID397
398,School Climate,#ID398
399,Current Iniatives and Working Groups,#ID399
399,School Climate,#ID399
400,Inclusive Anti Racist Curriculum Programs,#ID400
401,Minority Faculty Retention,#ID401
401,School Climate,#ID401
402,School Climate,#ID402
403,Minority Student Recruitment,#ID403
404,School Climate,#ID404
404,Minority Faculty Retention,#ID404
405,Current Iniatives and Working Groups,#ID405
406,Minority Faculty Staff and Leadership Recruitment,#ID406
406,Current Iniatives and Working Groups,#ID406
407,School Climate,#ID407
407,Minority Faculty Retention,#ID407
407,Minority Faculty Staff and Leadership Recruitment,#ID407
408,Inclusive Anti Racist Curriculum Programs,#ID408
409,School Climate,#ID409
409,Minority Faculty Retention,#ID409
410,Adding Courses,#ID410
411,Minority Faculty Staff and Leadership Recruitment,#ID411
412,Minority Student Recruitment,#ID412
413,Current Iniatives and Working Groups,#ID413
413,Diversity in Student Leadership,#ID413
414,Financial Aid and Financing,#ID414
414,Minority Faculty Retention,#ID414
415,Financial Aid and Financing,#ID415
416,School Climate,#ID416
417,Research or Coursework,#ID417
417,Financial Aid and Financing,#ID417
418,Minority Faculty Staff and Leadership Recruitment,#ID418
418,Data Collection and Transparency,#ID418
419,School Climate,#ID419
420,School Climate,#ID420
421,School Climate,#ID421
421,Minority Faculty Retention,#ID421
422,Inclusive Anti Racist Curriculum Programs,#ID422
423,Financial Aid and Financing,#ID423
423,Minority Faculty Staff and Leadership Recruitment,#ID423
424,Minority Faculty Staff and Leadership Recruitment,#ID424
424,Minority Faculty Retention,#ID424
425,School Climate,#ID425
426,School Climate,#ID426
426,Minority Faculty Staff and Leadership Recruitment,#ID426
427,Minority Faculty Staff and Leadership Recruitment,#ID427
428,Inclusive Anti Racist Curriculum Programs,#ID428
428,Financial Aid and Financing,#ID428
429,Current Iniatives and Working Groups,#ID429
430,School Climate,#ID430
431,Minority Faculty Retention,#ID431
431,Minority Faculty Staff and Leadership Recruitment,#ID431
432,Adding Courses,#ID432
433,Inclusive Anti Racist Curriculum Programs,#ID433
433,School Climate,#ID433
434,Minority Student Recruitment,#ID434
435,Inclusive Anti Racist Curriculum Programs,#ID435
436,Minority Student Recruitment,#ID436
437,Minority Faculty Retention,#ID437
437,Minority Faculty Staff and Leadership Recruitment,#ID437
438,Data Collection and Transparency,#ID438
439,Current Iniatives and Working Groups,#ID439
440,Financial Aid and Financing,#ID440
441,Community Labor or Partnership,#ID441
442,School Climate,#ID442
443,Adding Courses,#ID443
444,Data Collection and Transparency,#ID444
444,Minority Faculty Staff and Leadership Recruitment,#ID444
445,Current Iniatives and Working Groups,#ID445
446,Community Labor or Partnership,#ID446
446,Data Collection and Transparency,#ID446
447,Adding Courses,#ID447
448,Minority Student Recruitment,#ID448
449,Adding Courses,#ID449
450,Minority Faculty Staff and Leadership Recruitment,#ID450
451,Financial Aid and Financing,#ID451
452,School Climate,#ID452
453,Minority Faculty Staff and Leadership Recruitment,#ID453
454,Current Iniatives and Working Groups,#ID454
455,Minority Student Recruitment,#ID455
456,Minority Faculty Retention,#ID456
457,School Climate,#ID457
458,School Climate,#ID458
459,Minority Student Recruitment,#ID459
460,Minority Faculty Staff and Leadership Recruitment,#ID460
461,Adding Courses,#ID461
462,Minority Student Recruitment,#ID462
463,Research or Coursework,#ID463
464,Community Labor or Partnership,#ID464
465,Spaces and Places,#ID465
466,Spaces and Places,#ID466
467,Current Iniatives and Working Groups,#ID467
468,Spaces and Places,#ID468
469,Current Iniatives and Working Groups,#ID469
470,Adding Courses,#ID470
471,Adding Courses,#ID471
472,School Climate,#ID472
473,School Climate,#ID473
474,Spaces and Places,#ID474
475,School Climate,#ID475
476,Current Iniatives and Working Groups,#ID476
477,Financial Aid and Financing,#ID477
478,School Climate,#ID478
479,School Climate,#ID479
480,School Climate,#ID480
481,Spaces and Places,#ID481
481,School Climate,#ID481
482,Adding Courses,#ID482
483,School Climate,#ID483
483,Financial Aid and Financing,#ID483
484,Financial Aid and Financing,#ID484
485,Spaces and Places,#ID485
486,School Climate,#ID486
487,Spaces and Places,#ID487
488,Financial Aid and Financing,#ID488
489,Spaces and Places,#ID489
490,School Climate,#ID490
491,School Climate,#ID491
492,School Climate,#ID492
493,School Climate,#ID493
494,School Climate,#ID494
495,School Climate,#ID495
496,Adding Courses,#ID496
496,Spaces and Places,#ID496
496,Financial Aid and Financing,#ID496
496,Current Iniatives and Working Groups,#ID496
496,Minority Student Recruitment,#ID496
496,Minority Faculty Retention,#ID496
497,Inclusive Anti Racist Curriculum Programs,#ID497
497,Minority Student Recruitment,#ID497
497,Minority Faculty Staff and Leadership Recruitment,#ID497
497,School Climate,#ID497
498,School Climate,#ID498
499,Research or Coursework,#ID499
499,Spaces and Places,#ID499
500,Spaces and Places,#ID500
501,School Climate,#ID501
501,Living Wage,#ID501
502,School Climate,#ID502
503,Abolition/ Defunding,#ID503
504,Abolition/ Defunding,#ID504
505,Abolition/ Defunding,#ID505
506,School Climate,#ID506
506,Abolition/ Defunding,#ID506
507,School Climate,#ID507
508,Minority Student Recruitment,#ID508
508,School Climate,#ID508
509,Minority Faculty Staff and Leadership Recruitment,#ID509
510,Spaces and Places,#ID510
511,Minority Faculty Staff and Leadership Recruitment,#ID511
512,School Climate,#ID512
513,Community Labor or Partnership,#ID513
514,Inclusive Anti Racist Curriculum Programs,#ID514
515,Inclusive Anti Racist Curriculum Programs,#ID515
516,Minority Student Recruitment,#ID516
517,Spaces and Places,#ID517
518,School Climate,#ID518
518,Minority Faculty Staff and Leadership Recruitment,#ID518
518,Community Labor or Partnership,#ID518
519,Inclusive Anti Racist Curriculum Programs,#ID519
520,Financial Aid and Financing,#ID520
520,Minority Student Recruitment,#ID520
521,Data Collection and Transparency,#ID521
522,Minority Student Recruitment,#ID522
522,Minority Faculty Staff and Leadership Recruitment,#ID522
523,Community Labor or Partnership,#ID523
524,Current Iniatives and Working Groups,#ID524
524,Spaces and Places,#ID524
525,Minority Faculty Staff and Leadership Recruitment,#ID525
526,Minority Student Recruitment,#ID526
527,Minority Faculty Staff and Leadership Recruitment,#ID527
528,Inclusive Anti Racist Curriculum Programs,#ID528
529,School Climate,#ID529
530,Adding Courses,#ID530
531,School Climate,#ID531
531,Data Collection and Transparency,#ID531
532,Minority Faculty Staff and Leadership Recruitment,#ID532
533,School Climate,#ID533
533,Current Iniatives and Working Groups,#ID533
534,Minority Student Recruitment,#ID534
535,Living Wage,#ID535
535,Minority Faculty Staff and Leadership Recruitment,#ID535
536,Adding Courses,#ID536
537,Data Collection and Transparency,#ID537
537,School Climate,#ID537
538,School Climate,#ID538
538,Minority Faculty Staff and Leadership Recruitment,#ID538
539,School Climate,#ID539
540,Minority Faculty Staff and Leadership Recruitment,#ID540
541,Diversity in Student Leadership,#ID541
542,Diversity in Student Leadership,#ID542
543,Adding Courses,#ID543
544,Adding Courses,#ID544
545,Spaces and Places,#ID545
546,Diversity in Student Leadership,#ID546
547,Inclusive Anti Racist Curriculum Programs,#ID547
548,School Climate,#ID548
549,Current Iniatives and Working Groups,#ID549
549,Financial Aid and Financing,#ID549
550,Current Iniatives and Working Groups,#ID550
551,Minority Faculty Staff and Leadership Recruitment,#ID551
552,School Climate,#ID552
553,Minority Student Recruitment,#ID553
554,Adding Courses,#ID554
555,Adding Courses,#ID555
556,Adding Courses,#ID556
557,Minority Student Recruitment,#ID557
557,Minority Faculty Staff and Leadership Recruitment,#ID557
558,Current Iniatives and Working Groups,#ID558
558,Financial Aid and Financing,#ID558
559,Community Labor or Partnership,#ID559
560,Minority Faculty Retention,#ID560
560,Minority Faculty Staff and Leadership Recruitment,#ID560
561,Adding Courses,#ID561
562,Adding Courses,#ID562
563,Minority Student Recruitment,#ID563
563,Adding Courses,#ID563
564,Adding Courses,#ID564
565,Community Labor or Partnership,#ID565
565,Adding Courses,#ID565
566,Current Iniatives and Working Groups,#ID566
566,Financial Aid and Financing,#ID566
567,Current Iniatives and Working Groups,#ID567
567,Financial Aid and Financing,#ID567
568,Minority Faculty Staff and Leadership Recruitment,#ID568
568,Minority Faculty Retention,#ID568
569,Adding Courses,#ID569
570,Minority Faculty Staff and Leadership Recruitment,#ID570
570,Minority Faculty Retention,#ID570
571,Minority Faculty Staff and Leadership Recruitment,#ID571
571,Data Collection and Transparency,#ID571
572,Minority Faculty Staff and Leadership Recruitment,#ID572
572,Minority Faculty Retention,#ID572
573,Minority Faculty Staff and Leadership Recruitment,#ID573
573,Minority Student Recruitment,#ID573
574,Minority Student Recruitment,#ID574
575,Minority Student Recruitment,#ID575
576,Minority Student Recruitment,#ID576
577,Minority Student Recruitment,#ID577
578,Data Collection and Transparency,#ID578
579,Minority Student Recruitment,#ID579
580,Minority Student Recruitment,#ID580
581,Financial Aid and Financing,#ID581
581,Minority Student Recruitment,#ID581
582,Minority Student Recruitment,#ID582
582,School Climate,#ID582
583,Spaces and Places,#ID583
583,Current Iniatives and Working Groups,#ID583
584,Spaces and Places,#ID584
585,Financial Aid and Financing,#ID585
585,Current Iniatives and Working Groups,#ID585
586,Community Labor or Partnership,#ID586
587,Community Labor or Partnership,#ID587
588,Community Labor or Partnership,#ID588
589,Community Labor or Partnership,#ID589
590,Community Labor or Partnership,#ID590
591,Adding Courses,#ID591
591,Community Labor or Partnership,#ID591
592,Community Labor or Partnership,#ID592
592,Financial Aid and Financing,#ID592
593,Community Labor or Partnership,#ID593
594,Community Labor or Partnership,#ID594
